,LLY,JNJ,ABBV,AZN,NVS,CVS,WBA,NVO,PFE,TCNNF,MRK
count,1104.0,1104.0,1104.0,1104.0,1104.0,1104.0,1104.0,1104.0,1104.0,1104.0,1104.0
mean,0.013454757173958174,0.007845145487943007,0.010542838787678123,0.008611668019492518,0.006384738366951986,0.01084293375141069,0.01360070258901519,0.009356246853776376,0.011193322521794185,0.03506118712669904,0.00985299450677472
std,0.018233969570873306,0.009910327676912814,0.012860551712247844,0.015257130510731671,0.011289128246040073,0.015178714303356678,0.017649853326172672,0.016484562278579692,0.015030516245934652,0.03764522962669687,0.01221380359473064
min,-0.07160706796459615,-0.02441528554815464,-0.05187654878689896,-0.08017981377349892,-0.05076701921958071,-0.1597991410592926,-0.07660644406019401,-0.033021294988254346,-0.06473060924423102,-0.025233605649332747,-0.07223310777013148
25%,0.003997236295436413,0.0025765850522252443,0.0037342926366880635,0.0004022269927891342,0.00011763948780757483,0.003117650422179319,0.003922411471109943,-0.00047288167205772336,0.002707021316359415,0.011846202100651293,0.003238435588154731
50%,0.010004457180678994,0.006202696830803878,0.008598929147794698,0.007589317329708467,0.005641764028079477,0.009676001822247593,0.010865574358169261,0.007613867431369159,0.007976588809011975,0.025659928575456514,0.007412622322707341
75%,0.018566625388696134,0.01091635827625742,0.015456142742511558,0.01539681076861199,0.011662006787418744,0.016845205145710695,0.019041431701426192,0.01632034299161883,0.016676418973401386,0.04828333004917651,0.014228017376891944
max,0.18481331357438835,0.08793455288611396,0.11348826884633834,0.09843870215698236,0.08374203988502149,0.13288739442395903,0.1289616425140132,0.1910014303694212,0.15357180105947665,0.3942308203708509,0.12288646401472247
